Location,Photo Name,Votes,URL
Unidentified,Mount Hope,3982,https://drscdn.500px.org/photo/149688157/w%3D280_h%3D280/ab99f891cdce5aefb4f94bd85b364e4d?v=3
Unidentified,The Climb,3406,https://drscdn.500px.org/photo/150034647/w%3D280_h%3D280/1518819ee61240313ff58c7ee6f98577?v=3
Unidentified,My love... oh and my girlfriend.,3334,https://drscdn.500px.org/photo/149329935/w%3D280_h%3D280/4012885730748ff5fd8f34f20f25cebc?v=2
Unidentified,First Light,3324,https://drscdn.500px.org/photo/149404281/w%3D280_h%3D280/1e9fef369975554357558effbcdea716?v=3
Unidentified,Desert lights by night in the Bardenas,3139,https://drscdn.500px.org/photo/149551341/w%3D280_h%3D280/40d981ffaae44a57260e0511c3a0e2be?v=3
Unidentified,Cordillera of gold,2990,https://drscdn.500px.org/photo/149211575/w%3D280_h%3D280/d7c3eb50a09164435c979bb67acb6a74?v=3
Unidentified,Fitzroy in red,2763,https://drscdn.500px.org/photo/150020307/w%3D280_h%3D280/740b77557ff526321806d03c62b5a37c?v=3
Unidentified,Path without a name,2460,https://drscdn.500px.org/photo/149858277/w%3D280_h%3D280/11ac9f10a229a25b21f6035d8df0ce5c?v=3
Unidentified,Majestic Predator,2312,https://drscdn.500px.org/photo/149864939/w%3D280_h%3D280/9eed57725552aa0dfbd85bdd3a7776c4?v=3
Unidentified,Painted World,2263,https://drscdn.500px.org/photo/149881157/w%3D280_h%3D280/e2e48e233b91507e67c1e35a61249b63?v=3
Unidentified,Reine III,2250,https://drscdn.500px.org/photo/149837035/w%3D280_h%3D280/24da24e8a88749fc7f6fa7c09e2d685c?v=3
Unidentified,One...,2237,https://drscdn.500px.org/photo/149662271/w%3D280_h%3D280/4f65c71b2862eea11eba0a65b7967f52?v=3
Unidentified,Elements #2,2173,https://drscdn.500px.org/photo/149754977/w%3D280_h%3D280/b1934b7bb893e56b1da41719ac9ce9e6?v=3
Unidentified,Isabell,2102,https://drscdn.500px.org/photo/149724007/w%3D280_h%3D280/32ef14e2c61d748438a77a47b0cc2fac?v=3
Unidentified,base jump,2096,https://drscdn.500px.org/photo/150018499/w%3D280_h%3D280/d9f1930518e01ba83f058f7c40d9796a?v=2
Unidentified,Spring Light,2064,https://drscdn.500px.org/photo/149804731/w%3D280_h%3D280/350aefb02f90faed96d6cc8df1ddc585?v=3
Unidentified,Waterfall,2050,https://drscdn.500px.org/photo/149835857/w%3D280_h%3D280/fc2d38c0dd0a3cf54418485d6a83057b?v=3
Unidentified,Vanishing Point,2032,https://drscdn.500px.org/photo/149676045/w%3D280_h%3D280/c8540450e6a008918055f31e3ca85a7a?v=2
Unidentified,Doorlight,2010,https://drscdn.500px.org/photo/150115585/w%3D280_h%3D280/8b753c0e3ffa336efaa92518befbbc6a?v=4
Unidentified,Last Shadow,1990,https://drscdn.500px.org/photo/150035243/w%3D280_h%3D280/95ef134edfc1daa531e31d97d3a18c7a?v=3
Unidentified,The Back Alley II,1939,https://drscdn.500px.org/photo/149719733/w%3D280_h%3D280/40f7f5d1fece5ef7b62e9a4f7e397ca0?v=3
Unidentified,The road to you,1920,https://drscdn.500px.org/photo/150158537/w%3D280_h%3D280/fe92406296bd61d983a7371216e85a36?v=3
Unidentified,Across the legendary lands,1863,https://drscdn.500px.org/photo/149902423/w%3D280_h%3D280/86a74dad18a461ba0f53145e44e6a1f1?v=3
Unidentified,Moeraki Boulders at Sunrise,1857,https://drscdn.500px.org/photo/149911117/w%3D280_h%3D280/320e1325c0391e3eab22120a3a5c5192?v=3
Unidentified,Waiting in the cold,1800,https://drscdn.500px.org/photo/149988139/w%3D280_h%3D280/ba8301d831cab2c5592d45e083824eac?v=2
Unidentified,Canyon Serenity,1716,https://drscdn.500px.org/photo/150036971/w%3D280_h%3D280/ac89d80e300402fab208dd8bf86e690c?v=3
Unidentified,The Broken Promise,1709,https://drscdn.500px.org/photo/149708185/w%3D280_h%3D280/d54b563e4d535a5933b28d2e9f894f91?v=3
Unidentified,Stella,1685,https://drscdn.500px.org/photo/150014477/w%3D280_h%3D280/46508fa860ebc2d6483db8b359eb2aad?v=3
Unidentified,the girl ,1661,https://drscdn.500px.org/photo/149655089/w%3D280_h%3D280/55b79c88a564881fc92c43782b82761c?v=3
Unidentified,Gently,1657,https://drscdn.500px.org/photo/149793797/w%3D280_h%3D280/2f7bc94c26926c0099fb7ce14e1cf92d?v=3
Unidentified,Shark crossing,1646,https://drscdn.500px.org/photo/149699897/w%3D280_h%3D280/dbc59ce043f1c168e8f6614adacb62cc?v=3
Unidentified,106/366 - Love Photography,1639,https://drscdn.500px.org/photo/149875677/w%3D280_h%3D280/c3033bb3bc015a2d6aef93e772878d7e?v=3
Unidentified,Alice,1624,https://drscdn.500px.org/photo/149821767/w%3D280_h%3D280/959f8d8fece8bd74880db61f602a1ca0?v=3
Unidentified,Black Layers,1622,https://drscdn.500px.org/photo/150015453/w%3D280_h%3D280/6692c629d0285f65e3ebd40f7ca42309?v=2
Unidentified,FLUID,1602,https://drscdn.500px.org/photo/149875365/w%3D280_h%3D280/338464daa6f17dc7448ad37c5929b80b?v=3
Unidentified,Natural symphony,1586,https://drscdn.500px.org/photo/149981435/w%3D280_h%3D280/33d045a9bd044a5e77ec42f75bb67a9f?v=3
Unidentified,. : just a mountain szene : .,1573,https://drscdn.500px.org/photo/150058143/w%3D280_h%3D280/905946602b8ab8c9786be32f7a6e5e91?v=3
Unidentified,Northern Lights Over Lofoten,1553,https://drscdn.500px.org/photo/150028241/w%3D280_h%3D280/1ac450d1ee9b0d9695b790216e6cebdf?v=3
Unidentified,Gentle Touch,1558,https://drscdn.500px.org/photo/150163131/w%3D280_h%3D280/07e400515c49f2f9251d4cc1a904fbf2?v=3
Unidentified,Road To Eternal Sunshine,1546,https://drscdn.500px.org/photo/149874791/w%3D280_h%3D280/695a46a7e654c714134a1e5409789540?v=2
Unidentified,Snowy Owl,1546,https://drscdn.500px.org/photo/149681699/w%3D280_h%3D280/1069e8700d0cf627101c274d9b4cb59c?v=4
Unidentified,Daria,1537,https://drscdn.500px.org/photo/149683649/w%3D280_h%3D280/6d204bc813dc58a2c5a01694a21b013e?v=3
Unidentified,***,1534,https://drscdn.500px.org/photo/149680713/w%3D280_h%3D280/3ce36c5915c9747fe25c343637f59953?v=3
Unidentified,Fitzroy reflections,1524,https://drscdn.500px.org/photo/150177263/w%3D280_h%3D280/2a1836c594270179387117915d573e60?v=3
Unidentified,Frozen lake,1518,https://drscdn.500px.org/photo/149823287/w%3D280_h%3D280/8114a0dd4319fc6ec2eeb10385e79369?v=3
Unidentified,Morning I See My Pinky Boat,1441,https://drscdn.500px.org/photo/150138389/w%3D280_h%3D280/a10d00f315f100f562cd02c7aaeeb8e9?v=3
Unidentified,Sant Joan,1440,https://drscdn.500px.org/photo/149983511/w%3D280_h%3D280/210d15d3918b3ea62fab275c3ae4e828?v=3
Unidentified,violet,1409,https://drscdn.500px.org/photo/150005119/w%3D280_h%3D280/195e0d181e4ac54d743d75e2246c6b25?v=3
Unidentified,Daria,1392,https://drscdn.500px.org/photo/149728745/w%3D280_h%3D280/93b3f55d5973c9413b4d4bc51ff8a703?v=3
Unidentified,104/366 - Love Photography,1384,https://drscdn.500px.org/photo/150130359/w%3D280_h%3D280/517bde965ff8a003a0cd992326f26f2a?v=3
Unidentified,sunset over ao prha nang,1371,https://drscdn.500px.org/photo/149821561/w%3D280_h%3D280/b2150649545662530f121e6d7e08f591?v=3
Unidentified,Save the date.. My Wedding,1355,https://drscdn.500px.org/photo/149646121/w%3D280_h%3D280/d3dbfea4189443b59647a437d4704c23?v=3
Unidentified,Happy Days,1350,https://drscdn.500px.org/photo/150124637/w%3D280_h%3D280/d92a677ed9f55300a074b7dc18dac5ff?v=3
Unidentified,The survivor,1350,https://drscdn.500px.org/photo/149821187/w%3D280_h%3D280/fd2961f61059e422d0aabebc7dfdb7ac?v=3
Unidentified,Paris#6,1329,https://drscdn.500px.org/photo/149745995/w%3D280_h%3D280/948d95485210f2d3c23d2f469b5768c5?v=3
Unidentified,Up In Smoke,1319,https://drscdn.500px.org/photo/149931987/w%3D280_h%3D280/503b4d659fef47d7dc0a025170c351cc?v=3
Unidentified,Fireflight,1310,https://drscdn.500px.org/photo/149816279/w%3D280_h%3D280/10a28146eeaf9decfb9e5209a2cd0c68?v=3
Unidentified,Lighty forest!,1292,https://drscdn.500px.org/photo/149688231/w%3D280_h%3D280/ccf4c3b5cdab051eeedd85f66787490d?v=3
Unidentified,Eurasian Scops Owl,1282,https://drscdn.500px.org/photo/150018355/w%3D280_h%3D280/05488b1245a0f2dcf4704ee9339fc0e6?v=4
Unidentified,ephemeral glow,1281,https://drscdn.500px.org/photo/149872075/w%3D280_h%3D280/104f9f9b083763798db2978a6a8305c8?v=6
Unidentified,Just Jump,1277,https://drscdn.500px.org/photo/149880633/w%3D280_h%3D280/18f807f7c1be76650677f645998e1f49?v=3
Unidentified,Not sure how she does this,1247,https://drscdn.500px.org/photo/149646385/w%3D280_h%3D280/2312f1584b7bad2bc31fda14b28d3126?v=3
Unidentified,Mangrove Swamp,1247,https://drscdn.500px.org/photo/149647905/w%3D280_h%3D280/d264f08d4e680a58f6ee4531727b23cc?v=3
Unidentified,Fisherman from Xingping,1246,https://drscdn.500px.org/photo/150103155/w%3D280_h%3D280/ccf11fd11d0b9ae0bdec48e50f701ca4?v=3
,,Klaudia | femme by zieniu

instagram: @zieniuphoto http://ift.tt/1U00CmA,,1238,https://drscdn.500px.org/photo/149710285/w%3D280_h%3D280/ba4640b14b2c2cedb9619dca52619df4?v=3
Unidentified,Hakuna Matata,1231,https://drscdn.500px.org/photo/149644541/w%3D280_h%3D280/da814dcf683f277541414efca41d17ef?v=3
Unidentified,Little Fear of Heights,1224,https://drscdn.500px.org/photo/149904893/w%3D280_h%3D280/e97ab09b0b085525c3294cc412059695?v=2
Unidentified,On the Grid,1222,https://drscdn.500px.org/photo/149885629/w%3D280_h%3D280/7bdbfd0c0c6efc1d0f193959407779e7?v=3
Unidentified,Geometry,1221,https://drscdn.500px.org/photo/149985889/w%3D280_h%3D280/88010f19faf07debbf8ee6af1b6e83b3?v=3
Unidentified,Bringing Spring,1212,https://drscdn.500px.org/photo/150011997/w%3D280_h%3D280/17a526e3753a0257c3901178b5f6ba33?v=3
Unidentified,sunset,1209,https://drscdn.500px.org/photo/149954883/w%3D280_h%3D280/ac6a40e107a921de1142f36d88ad1b07?v=3
Unidentified,Discover,1202,https://drscdn.500px.org/photo/149731663/w%3D280_h%3D280/5576ee9103f41000e04d88804b3c7d5c?v=3
Unidentified,Valley under the galaxy,1195,https://drscdn.500px.org/photo/149905187/w%3D280_h%3D280/b7dcd50d2fb7aca21e2102730eecdad6?v=3
Unidentified,Something Forbidden,1195,https://drscdn.500px.org/photo/149898677/w%3D280_h%3D280/41cf5e441466f2a47948fca17be6e695?v=3
Unidentified,Luba,1191,https://drscdn.500px.org/photo/149985827/w%3D280_h%3D280/0dd584bea9d1111b1af7ecf6388116ab?v=3
Unidentified,Missing You,1176,https://drscdn.500px.org/photo/149717569/w%3D280_h%3D280/0f0f50f434ad30ef4ce2a9e6607cf64e?v=3
Unidentified,***,1169,https://drscdn.500px.org/photo/149855253/w%3D280_h%3D280/f5f3a3c433bcab9d6d31f2eaef877a49?v=3
Unidentified,Célia - LKC,1169,https://drscdn.500px.org/photo/150050753/w%3D280_h%3D280/19b1298bcd2b189ac34c7d2fdbad2334?v=3
Unidentified,Look at me now,1165,https://drscdn.500px.org/photo/150160093/w%3D280_h%3D280/a3fef0e0d03d50234e66c06e7046a564?v=3
Unidentified,Walk in the Mist,1156,https://drscdn.500px.org/photo/150035691/w%3D280_h%3D280/184d9f65a45e205fc938d3b5ef08d9d3?v=3
Unidentified,E*,1146,https://drscdn.500px.org/photo/149819797/w%3D280_h%3D280/c7cd0d8b9cc4d1cf66144ba254bdd31b?v=3
Unidentified,IMG_6240.jpg,1144,https://drscdn.500px.org/photo/150117781/w%3D280_h%3D280/778d6035a88cea54c0b5f505ffb0d1b7?v=3
Unidentified,Alignment,1139,https://drscdn.500px.org/photo/150186215/w%3D280_h%3D280/c527455522d7a56848fbddca4a8494b9?v=3
Unidentified,~ Magic of spring ~,1133,https://drscdn.500px.org/photo/149906715/w%3D280_h%3D280/d3a3c8b31b2b6ccf659f1cf3304f11d9?v=4
Unidentified,Old,1131,https://drscdn.500px.org/photo/149996231/w%3D280_h%3D280/4eafa6beaf035a038fb67909eb01707a?v=3
Unidentified,N*,1128,https://drscdn.500px.org/photo/149907489/w%3D280_h%3D280/ba151b57e67a60dc18b7de14f77b2a06?v=2
Unidentified,MAVRIN,1127,https://drscdn.500px.org/photo/149961547/w%3D280_h%3D280/e3c0c1e855d094f91eddbc4d9e7d4b13?v=3
Unidentified,The thaw,1122,https://drscdn.500px.org/photo/149882075/w%3D280_h%3D280/ffe636ae92745a18435e127354b7acfd?v=4
Unidentified,The Enlightenment,1119,https://drscdn.500px.org/photo/149802627/w%3D280_h%3D280/5f88b485a0b34f240f8f1fcedf329573?v=3
Unidentified,Alina & Nastya,1118,https://drscdn.500px.org/photo/149641919/w%3D280_h%3D280/7bbb80b17a67936a6480a9d0fe903478?v=3
Unidentified,Aldo The Malamute,1117,https://drscdn.500px.org/photo/149729229/w%3D280_h%3D280/c92989edf08ca7beca459e610c6e25e5?v=3
Unidentified,MAVRIN,1111,https://drscdn.500px.org/photo/149807669/w%3D280_h%3D280/96afd2e24019a3d456fd107b8b86c70d?v=3
Unidentified,Vestrahorn reflection,1109,https://drscdn.500px.org/photo/149881195/w%3D280_h%3D280/45c9884762c8e7702966854c32aac4d1?v=3
Unidentified,Morning Light - Golden Gate Birdge Aerial,1101,https://drscdn.500px.org/photo/149923761/w%3D280_h%3D280/2584df520721e2deb79b6fe18b13a577?v=3
Unidentified,BB.........,1101,https://drscdn.500px.org/photo/149909357/w%3D280_h%3D280/c495081b47754e3624b38fc59c3ceac3?v=3
Unidentified,sunset over ao nang,1096,https://drscdn.500px.org/photo/149861851/w%3D280_h%3D280/f3cc8928b09ede309ad4fe08ed8aa654?v=3
Unidentified,Colors of nature,1088,https://drscdn.500px.org/photo/150105513/w%3D280_h%3D280/5a75b85a2541130849fe4ea0df648357?v=3
Unidentified,Love green,1087,https://drscdn.500px.org/photo/150025393/w%3D280_h%3D280/51b18b85819529ce6452dbd623e20d9e?v=4
Unidentified,As time goes by,1079,https://drscdn.500px.org/photo/149971369/w%3D280_h%3D280/a41e8013cedd21043c5b697036398f22?v=3
